286,116,1365,284,210,1258,296,282,1278,255,283,1189,247,408,0,226,503,0,218,517,0,238,536,0,199,96,1235,144,201,3492,178,291,3286,209,279,1137,209,408,0,189,506,0,178,521,0,214,542,0
281,120,1376,277,207,1326,291,272,1304,255,293,1294,244,409,0,231,514,0,227,528,0,237,548,0,192,100,0,143,200,0,163,280,3358,202,293,1214,202,413,0,188,510,0,179,524,0,207,546,0
270,129,2619,274,207,1577,285,266,3007,254,296,1424,233,410,0,223,519,0,220,531,0,220,555,0,180,114,1422,137,204,1366,152,273,1343,194,296,1397,189,415,0,176,515,0,170,529,0,187,549,0
251,135,1562,258,207,1670,266,268,0,235,296,1462,226,401,0,220,478,0,220,481,0,203,513,0,159,127,1467,117,210,3502,135,274,3453,171,296,1450,170,404,0,169,494,0,166,505,0,174,527,0
240,141,1608,251,207,1753,252,268,0,220,295,1487,216,392,0,214,466,0,217,469,0,194,499,0,147,136,1545,106,213,3562,123,275,0,158,296,1493,161,398,0,162,483,0,160,493,0,166,513,0
230,144,1606,253,203,1764,243,254,0,206,294,1539,207,385,0,214,477,0,216,485,0,202,511,0,140,137,1593,97,204,3526,114,259,3337,149,295,3399,155,390,0,155,482,0,154,494,0,161,514,0
227,146,1604,255,199,1781,240,241,1655,206,294,1572,206,388,0,202,391,0,202,415,0,195,410,0,134,137,3162,91,197,3633,114,247,3383,148,294,3417,156,390,0,153,415,0,156,448,0,162,467,0
228,148,1595,256,198,1797,238,239,1616,208,294,1588,202,388,0,197,454,0,197,459,0,187,491,0,137,136,3156,92,194,3667,115,245,3352,151,294,3410,155,391,0,155,425,0,154,471,0,163,489,0
231,148,1589,257,197,1826,240,240,1595,209,293,1597,202,387,0,197,472,0,194,477,0,190,508,0,145,136,0,96,187,3661,122,243,3342,154,293,3403,156,390,0,156,452,0,154,482,0,164,500,0
236,150,1571,258,198,0,243,242,1557,213,293,1575,204,387,0,197,477,0,194,481,0,190,511,0,148,135,3154,100,185,3647,123,244,3286,158,293,3397,159,389,0,158,464,0,155,483,0,165,499,0
240,151,1535,264,199,1638,246,243,1526,214,293,1463,207,386,0,199,480,0,196,484,0,190,514,0,153,136,3132,104,186,3640,131,243,3246,159,293,3393,161,389,0,162,468,0,159,484,0,167,500,0
250,151,1518,277,200,1798,251,245,1492,224,294,1437,213,387,0,210,484,0,210,490,0,195,517,0,165,138,3087,118,188,3604,145,245,3219,172,293,3343,175,390,0,177,471,0,175,486,0,178,502,0
259,152,1444,285,201,1713,263,245,1438,234,294,1363,221,387,0,220,476,0,219,482,0,210,506,0,177,137,1469,127,188,3567,154,244,3141,183,293,3310,189,390,0,188,465,0,184,476,0,193,493,0
269,153,1316,288,203,1503,271,249,1307,241,297,1207,227,388,0,225,476,0,222,484,0,220,507,0,185,136,1312,133,188,3548,160,245,3209,193,294,3275,203,394,0,194,467,0,190,478,0,199,495,0
277,152,1225,286,205,1231,276,251,1207,249,299,1116,231,391,0,225,487,0,221,498,0,224,516,0,191,133,1184,135,188,3535,167,246,3151,204,297,1150,221,401,0,193,482,0,185,496,0,204,507,0
286,143,1007,276,210,1027,272,269,855,261,301,935,251,406,571,230,513,0,223,529,0,239,540,0,202,124,971,137,188,3531,181,259,3108,216,300,965,229,411,0,194,513,0,183,531,0,220,537,0
303,121,916,298,205,907,297,268,685,278,290,866,285,413,738,271,522,0,263,537,0,280,557,0,208,101,855,144,189,3508,209,269,941,224,290,869,244,414,587,226,513,0,221,529,0,242,543,0
323,100,860,342,185,860,343,242,605,291,267,808,310,409,674,290,512,0,281,527,0,304,549,0,211,69,836,166,177,3449,254,262,808,227,266,817,272,365,759,257,510,0,248,520,0,281,536,0
342,80,765,378,169,779,398,226,752,311,249,591,339,394,0,317,501,0,310,512,0,317,543,0,212,53,2950,184,161,3319,280,251,651,236,248,773,259,372,620,263,490,0,262,502,0,274,527,0
365,61,676,426,166,729,499,234,2565,338,244,595,364,384,556,343,493,0,341,503,0,338,539,0,219,51,0,213,169,3282,300,255,578,254,243,740,267,355,687,273,470,0,275,482,0,282,523,0
402,45,538,475,146,572,548,227,0,362,242,639,380,384,0,349,314,0,347,295,510,333,329,0,235,40,0,232,172,0,310,281,545,272,235,591,270,355,677,278,316,678,281,303,678,277,348,699
481,90,0,469,268,569,427,380,590,429,292,593,450,405,563,433,379,574,438,370,557,395,413,0,293,62,634,273,219,3057,335,357,537,326,265,542,291,326,655,328,351,624,344,353,0,309,395,595
62,194,3763,44,245,0,68,237,3453,78,296,0,79,360,0,82,409,0,84,415,0,81,409,0,136,196,1987,153,250,2113,123,248,2004,118,298,2120,113,366,2130,109,409,0,106,415,0,118,412,0
61,198,3736,45,248,0,69,238,0,77,298,0,79,360,0,83,408,0,84,414,0,80,409,0,135,199,2091,146,251,2205,117,249,2083,117,300,2196,113,363,2142,108,409,0,106,413,0,118,411,0
58,200,3740,45,249,0,65,238,3670,74,295,0,79,358,0,83,405,0,85,412,0,77,408,0,127,199,2181,142,248,2318,115,247,2168,111,294,2210,113,347,2160,112,401,0,112,408,0,118,403,0
55,200,3771,41,249,0,61,235,2151,71,293,0,78,355,0,83,405,0,85,412,0,72,409,0,119,199,2258,138,246,3232,111,247,2261,105,292,2286,104,342,2188,108,396,0,108,406,0,106,399,0
51,201,3777,34,249,0,54,230,2249,62,293,2092,71,351,0,80,405,0,85,412,0,61,410,0,110,201,2351,125,246,3274,101,246,2346,93,293,2473,81,334,2274,79,375,0,79,397,0,71,389,0
48,202,3779,29,250,0,27,250,0,53,294,2135,54,352,0,72,405,0,80,412,0,53,416,0,101,206,2373,112,249,2507,90,250,2351,81,294,2479,72,340,2298,71,385,0,69,401,0,60,392,1988
46,202,3779,29,244,0,3,247,0,47,291,2150,40,338,2170,47,390,0,52,401,0,30,400,0,86,205,2390,96,247,2496,80,261,2390,67,292,2083,60,337,0,63,387,0,66,399,0,50,393,0
41,201,2272,25,240,0,-1,248,0,39,280,0,15,335,0,-2,395,0,2,404,0,-31,403,0,74,203,2376,80,243,2424,63,261,2270,59,285,2129,49,336,0,56,389,1999,62,400,0,43,403,0
22,201,2197,11,234,2140,2,252,0,27,275,2247,12,335,0,4,397,0,9,405,0,-19,402,0,58,203,2326,75,245,2440,53,265,2225,49,277,2183,42,335,1913,54,393,0,61,404,0,38,404,0
-6,203,0,-11,234,0,5,251,2144,4,279,0,19,337,0,24,396,0,27,405,0,11,403,0,42,205,2276,58,240,2378,38,257,2266,26,277,2203,32,336,0,52,393,0,52,403,0,25,401,0
-23,202,0,-23,237,0,-8,256,0,-2,289,0,-9,351,0,3,408,0,8,414,0,-8,421,0,23,204,2207,43,242,2293,18,252,2163,17,281,0,26,340,0,51,392,0,59,402,0,34,403,0
64,211,3730,65,251,0,85,260,2288,58,298,2115,69,344,2293,44,393,0,32,400,0,57,410,0,56,210,3752,66,253,0,92,249,2286,48,298,2132,31,354,0,16,409,0,11,413,0,28,430,0
77,211,3528,80,243,3529,97,238,2339,75,298,0,91,343,2311,90,397,0,84,404,0,113,410,0,61,209,3741,69,248,3318,97,249,2335,52,298,2135,34,355,0,16,408,0,9,412,0,27,428,0
103,210,3535,104,242,3368,120,245,2328,109,293,3471,114,343,3415,106,398,0,98,405,0,128,410,0,85,206,3514,88,242,3622,122,249,2325,90,294,3586,81,352,3345,34,394,0,23,396,0,26,420,0
123,210,3526,121,244,3346,142,248,2270,123,291,3501,113,346,3410,85,397,0,77,405,0,99,411,0,100,202,3582,97,237,3437,135,247,2287,107,292,3528,116,346,0,96,395,0,88,401,0,109,413,0
153,211,2119,147,244,2210,154,262,2185,144,291,3439,120,346,3430,104,401,0,97,407,0,118,411,0,116,203,3601,111,237,3372,153,247,2182,124,291,3498,139,347,2493,133,397,0,126,417,0,148,415,0
171,212,2021,171,254,2097,172,280,2094,163,292,3376,138,347,0,117,401,0,110,407,0,131,411,0,135,205,3533,129,247,3265,173,250,2090,146,293,3430,164,353,0,163,405,0,159,416,0,175,414,0
191,209,1979,188,252,2061,201,272,2013,191,294,2052,185,359,602,170,409,0,164,414,0,181,424,0,157,205,3468,154,248,3191,200,249,2018,167,295,3365,173,363,583,157,414,0,153,422,0,169,428,0
208,209,2022,203,252,2056,219,279,1984,209,295,2014,228,355,0,190,407,0,181,412,0,207,424,0,178,202,3408,175,246,3142,219,247,1984,183,296,3318,176,363,585,169,414,0,163,421,0,179,427,0
233,209,2010,228,253,0,242,276,1957,237,302,1970,256,361,600,255,422,0,250,432,0,271,435,0,211,204,3301,209,246,3061,251,248,1947,213,303,0,188,370,554,167,420,0,163,437,0,174,435,0
255,209,0,257,253,3161,286,254,1931,263,306,3084,284,367,573,292,428,0,289,440,0,309,436,0,241,204,3202,241,246,3187,281,249,1945,245,307,3133,227,375,539,193,418,0,188,431,0,206,437,0
299,199,2004,304,243,1964,329,254,1876,302,302,2988,310,362,2018,296,422,0,285,421,0,311,434,0,287,202,3088,296,245,3035,335,242,1810,297,305,2996,306,369,581,300,418,0,293,430,0,325,431,0
321,198,2718,338,235,1969,364,246,1832,325,298,1291,331,360,1995,313,418,572,307,423,539,323,430,0,313,199,2936,317,241,2970,359,243,1847,327,301,1276,351,345,574,353,399,0,347,412,0,374,404,0
368,198,1913,375,249,1927,411,268,667,370,304,644,397,351,0,355,417,0,344,425,0,355,432,0,358,200,2862,369,242,2003,412,245,670,370,300,668,442,245,643,457,329,1707,453,351,1678,483,326,628
398,200,0,417,257,707,448,273,680,402,303,640,386,351,503,369,415,0,367,423,0,357,431,0,410,197,1850,438,239,711,465,225,687,409,299,659,426,307,684,406,401,0,401,417,0,411,423,0
423,196,1889,426,262,724,459,271,708,422,299,669,431,326,647,419,406,0,416,418,0,410,422,0,467,195,1747,487,240,698,488,232,702,444,299,696,469,311,1129,459,401,0,455,417,0,471,422,0
49,188,2503,41,222,3811,60,235,2558,25,266,0,15,325,2021,4,375,0,0,384,0,16,388,0,21,183,3984,-1,219,0,33,243,0,12,263,0,12,323,2033,-7,380,0,-15,390,0,6,397,0
68,188,2432,68,222,2510,77,237,2492,55,265,2208,61,322,2013,44,375,0,35,385,0,61,396,1968,25,181,0,0,217,0,42,231,3823,26,263,0,17,324,2051,2,376,0,-7,389,0,7,397,0
95,190,2395,93,223,2420,101,242,2378,86,271,0,101,331,2486,101,392,0,95,401,0,117,406,0,45,182,3843,21,226,0,54,213,3773,54,272,2197,39,336,1854,21,382,0,21,396,0,19,404,0
119,189,2291,126,223,2314,130,242,2335,108,270,2209,114,334,2221,110,393,0,103,401,0,123,409,0,63,182,3768,39,225,3798,69,210,3718,74,271,0,69,336,0,48,380,0,47,385,0,40,403,0
137,182,2179,158,222,2102,147,234,2212,122,268,2120,120,334,2007,109,394,0,104,401,0,113,413,0,76,175,3735,51,219,3777,75,220,3528,86,270,0,90,335,0,91,396,0,92,404,0,91,413,0
143,179,1983,166,222,0,149,229,1992,129,269,1944,124,336,1840,111,397,0,105,407,0,120,416,0,78,175,3717,56,219,3745,78,223,3502,92,270,0,97,340,0,100,401,0,98,411,0,112,415,0
144,173,1748,162,223,1840,145,226,1721,129,269,1733,140,347,0,117,397,0,109,404,0,126,419,0,74,171,1766,51,220,3757,82,226,3499,90,269,0,99,344,3390,102,403,0,99,411,0,109,420,0
145,158,1620,159,217,1663,143,216,1486,131,262,1573,139,352,1513,131,412,0,127,423,0,142,431,0,67,152,0,42,214,3788,85,224,0,86,264,3049,95,352,0,96,410,0,98,417,0,92,427,0
146,149,1411,171,215,1447,144,215,1336,127,263,1339,126,370,538,121,425,0,117,435,0,124,447,0,60,145,1441,38,215,3844,83,223,1394,79,264,0,90,367,0,90,423,0,92,435,0,87,441,0
146,144,1242,177,216,3377,140,215,1221,122,265,1172,114,383,0,111,450,0,110,459,0,107,476,0,53,139,1289,19,215,0,76,222,1202,70,267,1218,74,386,1176,69,451,0,69,463,0,71,475,0
140,121,1044,173,208,3398,125,205,1046,112,262,1022,105,390,0,100,455,0,99,464,0,96,485,0,36,119,1079,3,198,0,41,215,1030,58,264,1000,33,372,948,42,453,0,48,465,0,41,483,0
131,81,882,153,180,3455,49,179,748,90,242,870,82,387,778,52,428,0,51,446,0,33,453,0,7,96,844,39,199,819,79,175,752,21,234,798,-4,336,0,5,442,0,12,461,0,-1,453,0
86,62,728,115,168,3624,-1,166,0,50,240,730,54,397,0,24,444,0,26,448,0,-12,478,0,-22,72,0,30,189,630,33,179,622,-12,227,0,-19,346,0,-28,440,0,-25,453,0,-43,476,0
44,144,3395,15,220,0,36,258,0,63,273,2155,64,376,0,58,450,0,60,462,0,47,455,0,138,148,1771,169,220,3385,129,239,1712,114,276,1697,113,386,0,96,456,0,87,472,0,105,462,0
44,150,3363,21,220,0,51,242,0,65,277,2125,66,374,0,62,428,0,66,458,0,47,452,0,136,148,2044,160,218,2134,129,235,1968,115,277,1927,117,376,520,108,424,0,96,462,0,109,454,0
50,157,0,32,220,3865,60,234,3706,68,277,2097,66,363,0,57,420,0,61,434,0,43,417,0,134,158,2241,155,219,2412,128,234,2189,115,277,2181,117,358,2033,116,408,0,111,418,0,115,424,0
61,166,0,44,223,3766,66,237,0,76,277,0,68,351,0,66,401,0,70,410,0,56,408,0,134,174,2374,150,229,3225,126,236,2289,117,277,2319,117,346,0,116,398,0,114,407,0,120,408,0
70,167,3674,53,223,3754,61,237,3693,75,276,0,66,337,0,75,394,0,79,403,0,57,403,0,131,178,2509,138,229,3293,110,233,2375,112,277,2387,114,332,3455,114,389,0,112,400,0,109,397,0
68,171,3755,50,220,3757,42,239,0,73,277,0,58,331,0,56,389,0,58,401,0,33,387,0,121,185,2608,124,229,3244,97,235,2455,106,277,2503,107,331,3444,112,391,0,112,399,0,104,394,0
68,176,2413,46,219,2314,32,240,0,61,277,2158,49,333,1904,48,392,0,52,405,0,26,393,0,101,188,2649,110,230,3375,86,235,2500,91,277,0,98,331,2593,112,391,0,111,401,0,106,400,0
45,176,3853,40,216,3824,13,238,0,47,269,2210,35,326,0,45,391,0,51,403,0,25,397,0,79,188,2596,82,230,2678,60,239,2514,67,272,2130,55,318,2083,76,371,2577,80,382,0,70,382,0
35,175,0,40,215,0,9,238,0,39,262,0,31,330,0,35,393,0,46,404,0,15,400,0,56,185,2620,64,229,2706,46,251,0,53,266,2210,39,327,2073,38,384,0,48,397,0,21,396,0
27,181,0,44,218,2779,9,244,0,22,262,0,5,335,0,22,390,0,28,398,0,2,403,0,24,188,3960,36,229,2771,14,257,0,23,268,0,25,331,0,32,384,0,39,397,0,14,399,0
23,184,0,45,218,2869,14,245,0,22,265,0,13,330,0,31,385,0,38,394,0,13,404,0,0,190,0,15,229,0,6,256,0,3,269,0,7,331,0,14,385,0,20,399,0,7,401,0
17,183,0,45,217,2909,15,245,0,18,266,0,10,332,0,12,387,0,17,399,0,14,405,0,-19,189,0,1,232,0,4,255,0,-6,270,0,0,332,0,8,391,0,12,402,0,6,409,0
15,182,0,45,217,2952,14,246,0,15,269,0,9,338,0,9,398,0,11,400,0,8,420,0,-25,190,0,0,238,0,4,254,0,-9,271,0,-2,339,0,1,397,0,6,403,0,-4,422,0
13,185,0,44,220,2969,11,249,0,14,279,0,14,354,1809,8,399,0,10,403,0,-2,424,0,-30,193,0,0,244,0,3,257,0,-11,278,0,-5,348,0,1,401,0,6,406,0,-6,425,0
6,185,0,37,223,2844,4,250,0,9,278,0,11,354,1817,3,404,0,3,407,0,-3,428,0,-41,192,0,-9,246,0,-4,257,0,-18,278,0,-7,348,0,0,401,0,-1,408,0,-9,427,0
-4,188,0,21,224,0,-3,241,0,0,283,0,13,324,2036,2,400,0,0,406,0,-1,424,0,-48,213,0,-14,252,0,-18,251,0,-29,289,0,-13,339,0,-6,400,0,-3,407,0,-9,426,0
34,193,3910,13,238,0,17,275,0,20,281,1717,17,348,0,10,393,0,9,399,0,19,401,0,27,193,0,4,234,0,4,277,0,16,282,1696,6,337,0,-16,380,0,-23,388,0,-7,389,0
59,188,2229,60,232,2333,62,254,2263,48,274,2191,47,334,1902,12,379,1776,6,382,0,22,401,0,30,183,0,14,231,0,45,271,2204,29,272,0,25,337,0,18,399,0,13,410,0,34,418,0
74,184,2199,75,220,2093,89,238,2301,69,270,2133,75,331,2327,48,376,0,36,384,0,65,399,0,36,176,3913,18,222,0,63,252,0,43,270,2214,35,338,0,27,399,0,22,409,0,42,421,0
87,183,2124,98,217,2182,104,236,2034,82,270,2176,94,332,2211,91,396,0,85,403,0,116,409,0,41,175,3885,22,219,0,74,241,3493,51,271,2203,41,342,1955,30,403,0,24,412,0,31,422,0
108,183,2059,119,217,2090,130,242,2124,106,272,1902,115,333,2051,114,401,0,106,408,0,138,414,0,55,176,3796,31,222,0,72,252,3270,68,273,2091,59,347,0,45,405,0,39,412,0,46,427,0
124,178,1906,141,214,1949,151,243,2010,117,272,1882,123,339,0,117,401,0,110,408,0,126,422,0,63,173,3769,39,224,3824,63,260,2170,78,274,0,78,352,0,74,402,0,74,409,0,71,426,0
134,167,1765,162,212,1718,150,229,1828,121,271,1754,126,346,0,118,409,0,111,412,0,128,435,0,61,164,0,35,219,0,56,262,2224,80,271,1697,73,356,0,61,409,0,60,417,0,60,440,0
131,161,1522,155,215,1485,137,217,1566,118,272,1466,126,358,1505,120,414,0,119,431,0,130,445,0,53,164,1524,30,221,0,49,263,1448,74,274,1429,67,369,0,60,422,0,64,442,0,64,453,0
118,140,1314,136,206,0,121,232,1320,102,266,1214,118,375,517,113,441,0,110,448,0,112,474,0,25,148,1254,7,211,1309,20,262,1249,69,271,1208,54,381,1961,43,450,0,43,461,0,47,479,0
101,117,1039,123,206,1163,133,278,0,86,253,1018,52,389,985,62,424,0,65,428,0,44,454,0,-7,116,0,-10,207,0,-11,261,0,15,251,926,3,367,0,23,430,0,34,437,0,20,466,0
59,90,776,111,205,3608,115,301,3515,33,250,693,40,388,0,36,422,0,41,408,0,11,442,0,-39,93,0,-18,210,0,-22,276,0,-15,249,0,-31,361,0,-25,436,0,-19,443,0,-38,484,0
13,98,0,28,190,0,17,271,0,4,255,0,-10,355,0,-8,416,0,-4,408,0,-26,444,0,-27,105,0,-14,206,0,-3,250,0,-24,251,0,-39,338,0,-30,422,0,-24,425,0,-41,459,0
421,199,2717,406,255,2778,368,274,1606,460,290,760,418,359,0,439,434,0,451,445,0,411,453,0,410,202,0,407,253,2776,380,283,1426,446,293,727,405,354,507,422,432,0,432,444,0,401,454,0
375,204,0,380,258,2828,337,278,1605,406,295,747,401,358,503,415,408,0,423,415,0,400,423,0,367,196,0,371,233,2858,351,247,2901,397,288,1307,384,346,591,391,389,0,397,396,0,378,401,0
344,203,2895,334,261,1453,286,278,1813,372,298,1362,362,363,2746,364,409,0,371,423,0,344,434,0,328,205,1842,326,257,1841,300,268,1778,355,294,1352,337,354,1249,329,401,0,324,414,0,306,425,0
322,202,0,305,258,1833,259,271,1771,331,297,1369,304,364,1862,318,415,0,323,425,0,289,438,0,296,204,1687,295,257,1768,262,268,1754,311,295,2500,286,357,1873,302,411,0,312,415,0,281,430,0
290,195,0,280,251,0,231,269,1575,286,297,3028,287,375,535,303,418,0,314,429,0,279,450,0,257,204,1632,259,256,1581,254,278,1709,261,294,1732,216,361,583,227,417,0,236,428,0,202,437,0
262,194,2758,261,252,0,215,280,1619,251,303,3092,270,386,500,291,447,0,301,458,0,262,464,0,227,204,1585,232,256,1550,214,278,1608,225,299,3173,195,378,516,191,439,0,195,454,0,168,452,0
206,185,1528,227,247,0,210,294,1505,194,301,3262,158,385,0,178,445,0,190,455,0,149,463,0,167,197,1483,160,255,1468,136,289,1482,171,298,1473,162,376,518,172,443,0,176,455,0,156,461,0
172,180,1362,206,245,3034,199,298,3258,152,301,3429,113,387,0,111,451,0,116,461,0,85,470,0,114,193,1273,87,247,1265,45,286,2185,120,298,1294,138,376,515,142,442,0,146,453,0,132,462,0
133,177,1228,163,250,3146,157,313,3381,100,296,1223,60,385,1176,46,435,0,47,440,0,26,456,0,69,182,1128,41,244,1106,3,286,0,66,284,1025,20,342,1171,9,404,1151,11,413,0,-8,429,0
82,165,1138,85,250,0,50,307,1066,55,288,1079,26,372,1047,18,435,0,25,442,0,-16,456,0,31,161,974,30,244,888,14,285,975,22,275,990,-14,340,0,-27,414,0,-23,422,0,-54,435,0
18,141,951,13,233,916,-9,266,0,3,270,0,0,354,0,-3,433,0,5,442,0,-41,450,0,30,141,0,40,215,3847,1,208,841,8,266,0,-1,335,0,-4,413,0,0,425,0,-26,431,0
435,175,784,431,199,780,418,215,773,403,258,2775,471,320,842,488,411,0,485,426,0,509,426,0,448,161,837,467,154,2628,465,151,0,399,260,0,475,321,830,481,420,720,474,434,0,511,441,0
436,168,785,450,177,0,467,148,2649,405,247,2778,474,320,833,484,408,0,481,423,689,495,420,0,450,148,861,466,149,2653,477,141,2634,411,238,815,479,320,819,479,419,744,471,434,0,504,441,0
443,144,794,463,157,784,466,131,0,417,236,777,476,310,832,483,400,525,479,415,697,492,415,0,456,135,818,465,164,0,475,154,0,414,231,772,480,314,820,479,419,715,471,434,0,505,443,0
442,137,2704,463,143,718,461,126,0,416,233,732,479,306,833,478,402,532,472,417,0,489,422,0,456,131,2656,460,138,717,473,119,708,412,231,733,479,311,828,478,419,685,471,434,0,505,443,0
37,162,0,25,221,3915,54,201,3766,65,279,2111,80,359,0,79,416,0,78,422,0,86,418,0,118,162,1966,143,223,2055,122,228,1988,104,276,1971,111,364,2018,96,427,0,89,441,0,113,429,0
41,163,0,29,220,0,57,202,0,66,278,2108,81,356,0,82,409,0,82,416,0,87,414,0,118,162,2174,143,223,2282,122,228,2174,106,275,2120,121,350,2065,107,404,0,99,414,0,120,416,0
48,163,0,31,220,3958,56,197,3751,69,275,2106,82,344,0,89,401,0,92,411,0,87,405,0,119,165,2306,143,223,2502,121,230,2296,110,271,2238,118,336,2154,113,393,0,113,404,0,121,401,0
54,171,3798,31,221,0,49,202,3784,69,276,2100,76,342,0,88,399,0,94,409,0,77,406,0,120,176,2451,141,228,3288,118,236,2378,109,274,2397,105,335,2319,110,390,0,109,401,0,109,398,0
56,172,3812,41,219,3815,43,221,3800,68,275,2108,56,336,0,88,390,0,93,400,0,62,406,0,113,183,2609,127,230,3234,105,235,2496,99,274,2480,91,335,0,97,388,0,106,399,0,89,398,0
54,173,3806,52,217,2396,41,225,2765,60,274,2174,47,333,1920,51,391,0,54,403,0,23,396,0,92,184,2609,106,229,3377,87,231,2604,88,273,3057,84,332,2589,93,390,0,100,402,0,76,398,0
44,181,3842,47,225,2586,15,232,0,43,273,2196,32,333,0,43,391,0,53,403,0,25,406,0,59,187,2499,72,231,2633,57,256,0,57,274,2179,41,324,2125,55,380,1975,64,391,0,40,398,0
36,181,0,44,229,2624,7,230,0,28,271,1237,19,336,0,19,392,0,27,402,0,4,404,0,35,187,0,46,232,2630,30,257,0,32,273,0,20,330,0,25,386,0,34,398,0,13,401,0
31,183,0,43,229,2733,4,232,0,23,271,0,25,339,0,24,392,0,35,401,0,14,405,0,11,189,0,21,232,0,15,251,0,13,273,0,11,333,0,22,388,0,28,399,0,9,402,0
14,185,0,32,230,2871,-9,235,0,13,271,0,17,340,1752,18,387,0,22,391,0,6,406,0,-31,189,0,-12,249,0,-4,278,0,-16,273,0,-9,334,0,4,384,0,10,390,0,-4,403,0
2,203,0,21,228,2900,-11,232,0,8,289,0,13,332,0,11,389,0,9,395,0,10,412,0,-30,222,0,0,252,0,-3,274,0,-17,294,0,-10,339,0,2,395,0,7,399,0,1,421,0
-21,241,0,6,238,0,-7,230,0,-8,333,0,11,332,0,0,390,0,-3,397,0,1,414,0,-11,237,0,10,228,0,-5,200,0,-7,331,0,16,307,0,5,386,0,-4,394,0,10,414,0
81,145,0,99,165,2083,128,129,2055,94,269,0,101,342,0,104,403,0,101,410,0,116,413,0,138,145,2004,187,173,3386,189,130,2404,130,269,2101,144,339,0,132,404,0,123,411,0,154,417,0
81,146,0,92,180,3678,120,160,2065,96,269,3504,101,342,0,105,403,0,103,410,0,116,406,0,139,145,2051,188,170,3390,190,126,2458,132,269,2129,144,341,2144,142,404,0,135,412,0,162,414,0
81,150,0,93,174,3682,126,150,2130,99,269,0,102,342,0,107,403,0,106,411,0,116,404,0,141,145,2110,192,165,3384,192,122,2540,134,269,2183,145,341,2175,146,404,0,140,412,0,164,410,0
83,154,0,95,180,3667,131,160,2151,103,270,3381,105,342,0,109,402,0,109,410,0,116,405,0,147,146,2134,199,161,2338,199,119,2513,139,269,2221,145,342,2193,146,404,0,140,412,0,163,408,0
88,157,3327,98,179,3668,133,160,2182,109,271,3483,112,340,3449,111,402,0,110,410,0,116,405,0,150,149,2159,203,158,2370,205,113,2511,147,270,2255,146,342,2216,146,404,0,139,413,0,163,407,0
97,159,0,98,186,3663,127,178,2277,118,271,3494,118,339,3447,112,398,0,111,408,0,116,399,0,156,151,2198,206,154,2386,209,110,2495,155,270,2324,148,341,2337,146,401,0,140,411,0,163,400,0
105,160,3576,136,171,2253,164,159,2214,124,269,0,122,334,3451,112,397,0,112,407,0,116,400,0,160,151,2218,208,153,2408,209,109,2506,159,269,2365,151,339,2422,146,401,0,139,411,0,153,402,0
109,161,3591,142,169,2264,169,149,2245,127,266,2918,124,331,3464,117,395,0,117,406,0,122,397,0,162,151,2237,209,151,2423,209,110,2548,161,266,2343,154,334,2443,146,399,0,139,409,0,153,400,0
113,162,3575,148,166,2273,175,145,2281,128,266,2906,124,331,3459,117,395,0,116,406,0,126,398,0,161,153,2260,210,150,2458,208,108,2536,161,266,2341,154,335,2438,147,399,0,139,409,0,154,401,0
114,164,3600,152,165,2292,179,143,2321,128,265,2892,123,332,3447,117,395,0,115,406,0,125,398,0,160,154,2287,209,149,2467,207,105,2551,160,266,2380,154,335,2440,147,399,0,139,410,0,154,402,0
113,165,3601,151,165,2302,178,142,2342,127,265,2902,123,332,3458,117,396,0,115,406,0,125,399,0,160,155,2294,209,148,2484,205,106,2567,159,266,2393,154,335,2451,147,399,0,139,410,0,154,401,0
114,165,3610,151,166,2323,178,142,2362,128,264,2899,123,332,3458,117,396,0,115,406,0,126,399,0,159,155,2315,208,148,2484,203,107,2596,159,266,2400,154,335,2445,147,399,0,139,410,0,155,402,0
115,166,3617,152,166,2333,177,142,2373,127,264,2900,123,331,3461,118,396,0,116,405,0,126,399,0,159,155,2325,208,149,2500,201,107,2619,158,266,2423,153,335,2449,147,399,0,139,410,0,155,402,0
115,166,3617,151,168,2338,175,143,2370,127,265,2896,123,332,3453,118,396,0,116,405,0,127,399,0,158,156,2333,208,149,2509,200,108,2649,157,266,2447,153,336,2446,147,400,0,139,411,0,155,403,0
115,167,3627,151,168,2352,174,143,2379,127,265,2885,123,331,3460,118,396,0,116,405,0,127,398,0,158,156,2341,207,150,2508,200,109,0,157,266,2449,153,336,2450,147,400,0,139,411,0,155,400,0
115,167,3618,151,169,2355,174,144,2383,127,265,2897,123,331,3459,119,396,0,117,406,0,127,398,0,158,156,2348,208,150,2528,200,110,0,157,266,2453,153,336,2454,147,400,0,139,412,0,155,400,0
116,168,3616,151,168,2361,174,144,2391,128,265,2903,123,331,3464,118,396,0,116,405,0,127,398,0,159,156,2357,208,150,2551,199,110,2702,157,266,2452,153,336,2452,147,400,0,139,412,0,155,399,0
117,168,3617,154,168,2366,179,143,2408,128,265,2888,123,331,3464,118,396,0,116,405,0,127,398,0,159,157,2361,208,150,2561,198,111,2686,158,266,2429,153,336,2455,147,400,0,139,412,0,155,399,0
117,168,3619,157,168,2367,180,141,2430,128,265,2890,123,331,3460,118,396,0,116,405,0,127,398,0,158,157,2366,208,150,2581,196,111,2727,158,266,2433,153,336,2449,147,399,0,139,411,0,153,398,0
116,168,3616,155,170,2370,179,142,2432,128,264,2902,123,331,3460,118,396,0,116,405,0,126,398,0,159,157,2371,208,150,2592,194,112,0,159,265,2420,153,337,2449,147,400,0,139,411,0,152,398,0
116,168,3617,154,172,2370,178,146,2419,128,264,2907,123,331,3469,118,397,0,116,405,0,125,398,0,160,156,2377,208,150,2595,195,113,2877,159,264,2417,153,336,2451,147,399,0,139,411,0,152,399,0
116,167,3613,145,179,2394,174,153,2398,128,262,0,123,331,3467,118,396,0,116,405,0,124,398,0,161,156,2382,208,150,2608,194,115,0,159,263,2413,153,336,2447,147,399,0,139,411,0,150,399,0
116,167,3612,141,183,2409,165,159,2381,128,262,0,122,331,3466,118,396,0,116,405,0,124,398,0,161,156,2385,208,150,2621,194,117,0,159,262,2407,153,336,2443,147,398,0,139,410,0,150,399,0
116,168,3615,127,189,3569,154,173,2380,127,262,0,122,331,3471,118,396,0,116,405,0,123,398,0,161,156,2386,207,150,2620,194,119,0,159,262,2407,154,336,2422,147,398,0,139,410,0,150,400,0
115,168,3617,119,197,3594,141,182,2410,127,262,0,122,331,3475,118,396,0,116,404,0,123,398,0,162,155,2400,206,152,2639,194,121,0,159,262,2415,154,336,2421,147,398,0,139,410,0,150,401,0
114,168,3629,120,197,3584,140,183,2413,127,262,0,122,331,3468,118,396,0,116,404,0,123,399,0,162,156,2400,206,153,2653,194,122,0,159,262,2416,154,336,2424,147,398,0,139,410,0,150,401,0
113,169,3630,119,197,3590,138,181,2413,127,262,0,122,331,3469,118,396,0,116,404,0,122,399,0,162,156,2402,205,153,2649,194,123,0,159,262,2419,153,336,2441,147,398,0,139,409,0,150,401,0
112,170,3634,119,197,3597,137,180,2417,126,262,0,122,332,3466,118,396,0,116,404,0,122,399,0,162,156,2401,205,154,2647,194,125,0,159,262,2410,153,336,2433,146,398,0,139,409,0,149,401,0
111,170,3634,118,197,3590,135,179,2414,125,263,2923,121,332,3463,117,396,0,116,404,0,120,399,0,162,157,2393,205,155,2654,194,125,0,158,262,2407,153,336,2429,146,398,0,139,409,0,149,400,0
110,170,3637,117,198,3601,134,182,2416,125,263,2928,121,332,3473,117,396,0,116,404,0,120,398,0,162,157,2400,204,155,2645,195,126,2952,158,262,2410,153,336,2421,146,398,0,139,409,0,149,400,0
109,171,3641,117,199,3600,135,183,2414,124,263,2921,121,332,3458,117,396,0,116,404,0,120,398,0,161,157,2396,204,155,2659,195,126,0,158,262,2403,153,336,2410,146,398,0,139,409,0,149,400,0
109,171,3640,117,200,3600,132,184,2424,123,263,2929,120,332,3476,117,396,0,116,404,0,120,398,0,161,157,2394,204,155,2654,195,126,3070,157,262,2400,152,336,2426,146,398,0,139,409,0,149,400,0
108,171,3642,117,198,3602,133,182,2416,122,263,2925,120,332,3467,117,396,0,116,404,0,119,398,0,161,157,2394,203,156,2651,195,126,3208,156,262,2409,151,336,2442,145,397,0,138,409,0,148,399,0
108,171,3648,116,198,3597,134,182,2415,122,263,2929,120,332,3459,117,396,0,116,404,0,119,398,0,160,157,2395,203,156,2658,195,126,0,154,262,2412,151,336,2437,145,397,0,138,409,0,148,399,0
107,171,3655,115,198,3604,132,181,2420,120,263,0,119,332,3463,117,396,0,116,404,0,119,398,0,160,157,2395,202,156,2651,195,126,0,153,262,2411,150,337,2437,145,397,0,138,409,0,149,399,0
106,170,3653,114,197,3606,130,181,2422,119,263,2938,119,332,3450,117,396,0,116,403,0,119,398,0,159,157,2400,202,156,2647,195,126,0,152,262,2414,150,337,2444,145,396,0,138,407,0,149,399,0
106,171,3650,113,197,3612,130,181,2417,118,263,2923,118,332,3475,117,395,0,116,403,0,120,398,0,158,157,2397,201,156,2644,195,126,3121,151,262,2410,149,336,2443,145,394,0,139,405,0,150,399,0
104,171,3653,113,197,3607,131,182,2416,117,264,2936,118,333,3467,117,395,0,116,403,0,120,398,0,157,157,2395,200,157,2640,195,126,0,150,262,2417,149,336,2437,145,394,0,139,404,0,151,399,0
102,172,3660,113,197,3605,129,184,2421,116,264,2937,117,333,3439,117,395,0,116,402,0,120,396,0,156,158,2396,199,157,2625,195,127,0,149,262,2412,149,336,2443,145,393,0,139,403,0,152,397,0
101,172,3671,111,198,3612,130,187,2414,115,265,2926,116,333,3445,116,395,0,116,402,0,120,396,0,154,158,2388,198,158,2595,195,127,2820,148,263,2410,148,336,2437,145,392,0,139,403,0,153,397,0
99,172,3668,112,199,3618,139,189,2385,114,265,2945,116,333,3483,116,394,0,116,402,0,120,396,0,152,159,2385,198,159,2576,192,128,2787,147,263,2391,148,336,2431,146,392,0,139,403,0,154,397,0
97,172,3675,110,199,3616,136,188,2386,112,265,2948,115,333,3460,115,394,0,115,402,0,120,396,0,151,159,2374,198,161,2559,186,130,2723,145,263,2378,147,336,2430,146,392,0,140,402,0,155,397,0
96,171,3678,111,200,3620,141,189,2356,112,265,2956,115,334,3480,115,395,0,115,403,0,120,397,0,151,159,2359,198,162,2547,181,137,2646,144,263,2380,147,336,2319,145,392,0,139,402,0,154,397,0
92,171,3683,97,210,3484,117,184,2398,112,265,2957,115,335,3434,113,395,0,112,403,0,118,397,0,153,158,2319,199,166,2505,170,144,2384,145,263,2365,147,336,2272,140,392,0,134,403,0,147,397,0
91,171,3701,92,213,3469,115,197,2481,112,264,2953,115,335,3443,113,397,0,112,404,0,114,398,0,154,158,2282,199,178,2459,173,159,2298,145,263,2328,146,336,2201,137,394,0,132,405,0,143,398,0
93,167,3655,90,213,3434,115,198,2414,112,264,2966,114,335,3458,112,399,0,111,407,0,112,400,0,155,157,2228,199,187,3342,175,175,2236,147,263,2240,145,337,2315,135,398,0,130,409,0,139,399,0
96,165,3612,91,212,3511,117,200,2381,113,262,0,115,335,3444,112,401,0,111,409,0,111,400,0,160,157,2178,201,193,3332,176,177,2182,148,263,2191,145,338,2307,134,401,0,129,412,0,131,399,0
101,163,3610,92,212,3524,119,201,2369,115,261,0,115,335,3437,112,402,0,111,410,0,112,400,0,166,158,2136,204,195,3328,177,176,2144,149,263,2165,145,339,0,135,400,0,129,420,0,136,401,0
104,158,0,92,211,3490,118,200,2342,115,260,0,113,335,0,111,402,0,111,410,0,111,400,0,171,156,2111,208,194,3311,188,175,2163,150,263,2141,145,340,2141,135,400,0,128,422,0,136,401,0
105,156,3315,91,210,3442,118,198,2261,114,259,0,110,336,3431,106,403,0,106,411,0,108,402,0,171,155,2103,209,195,3313,189,173,2188,150,263,2123,144,341,2100,135,401,0,123,422,0,138,403,0
105,156,3296,89,210,3450,114,193,2280,112,259,3322,106,338,3404,104,404,0,104,411,0,108,404,0,169,152,2101,209,195,0,187,175,2209,150,264,2109,142,342,2083,134,402,0,120,422,0,139,405,0
99,155,3290,85,210,3470,112,193,2223,109,260,0,103,339,0,102,403,0,102,410,0,104,405,0,168,151,2105,204,198,3323,178,177,2147,150,264,2099,141,342,2100,133,402,0,119,421,0,135,405,0
92,155,3339,80,211,3497,110,195,2175,106,261,0,101,340,0,100,404,0,100,411,0,100,406,0,165,149,2111,193,201,3349,169,182,2114,148,264,2096,139,343,2148,132,402,0,118,422,0,133,406,0
87,155,3297,74,212,3608,106,196,2216,103,262,3002,99,342,0,99,404,0,99,411,0,99,405,0,161,149,2117,189,202,3366,161,186,2090,146,264,2100,138,343,0,132,401,0,120,424,0,134,406,0
83,155,0,69,212,0,103,199,2234,101,262,3010,96,343,0,98,405,0,98,411,0,98,406,0,158,149,2112,184,203,3374,150,192,2077,143,264,2073,137,343,0,131,401,0,119,425,0,134,405,0
81,155,0,66,212,3699,99,198,2194,98,265,3046,94,342,0,96,405,0,97,411,0,95,405,0,155,149,2110,181,204,2174,147,193,2076,142,265,2096,137,343,0,132,401,0,122,414,0,134,405,0
81,156,0,64,212,3728,96,198,2137,99,267,0,94,344,3410,96,405,0,97,412,0,94,405,0,156,150,2112,180,207,2125,149,190,2084,143,266,2055,139,343,0,134,401,0,131,414,0,138,405,0
83,156,0,67,212,0,100,198,2104,102,269,0,96,347,0,97,407,0,97,415,0,93,405,0,160,152,2097,183,210,2112,153,194,2061,148,268,2049,148,343,0,151,406,0,151,416,0,153,406,0
95,154,3297,67,211,3715,103,198,3628,114,269,0,96,346,0,97,407,0,98,415,0,94,404,0,172,154,2062,184,214,2042,154,197,1995,159,268,2019,156,343,0,155,406,0,155,416,0,156,406,0
113,151,3275,87,207,3491,120,196,3587,127,269,0,105,346,3341,102,407,0,102,417,0,95,404,0,187,160,2057,190,217,2002,161,201,1965,170,270,1994,161,343,2027,158,408,0,157,417,0,156,406,0
132,144,0,110,200,3616,127,212,3519,139,264,0,121,346,0,121,408,0,126,418,0,109,404,0,189,159,1995,185,208,1931,157,208,1970,179,267,1944,165,339,1913,166,407,0,165,417,0,153,406,0
143,141,3281,123,195,3564,124,208,3569,148,263,1895,130,346,0,135,411,0,142,421,0,116,404,0,188,158,1928,182,206,1898,154,208,1982,183,267,1888,168,339,1827,169,409,0,169,419,0,145,406,0
151,139,3145,142,188,1807,119,206,3588,160,263,1792,139,353,0,148,423,0,167,444,0,114,424,0,183,151,1740,183,207,1808,160,248,1836,182,267,1789,165,341,1761,174,416,0,178,422,0,143,419,0
154,138,0,155,190,1671,118,206,3585,165,262,1717,148,355,600,154,434,0,174,456,0,116,446,0,170,145,1664,174,207,1731,155,235,1773,177,266,1728,162,346,1718,169,434,0,169,450,0,132,441,0
155,135,1656,166,193,1588,114,205,3600,164,262,1656,151,358,592,158,435,0,177,455,0,117,449,0,152,142,1646,163,206,1666,117,214,3478,166,266,1653,151,355,604,167,440,0,165,457,0,130,448,0
160,130,1581,174,194,1551,107,204,3611,159,262,1610,146,365,561,156,434,0,175,452,0,116,457,0,135,139,1722,137,205,1621,96,202,3517,143,266,1629,130,357,1758,152,439,0,160,454,0,122,453,0
163,127,1505,179,195,1520,106,204,1639,153,265,1539,143,367,552,150,431,0,161,445,0,113,454,0,121,137,1617,118,201,1548,84,195,3661,123,266,1594,102,359,1560,119,434,0,129,449,0,91,452,0
159,124,1461,180,195,1588,104,203,1462,150,267,1495,140,373,528,152,438,0,162,450,0,121,461,0,105,134,1531,106,196,1407,74,194,0,101,265,1501,69,359,1437,60,432,0,71,441,0,25,450,0
153,116,1398,172,194,3411,88,199,1319,130,268,1397,140,376,516,151,450,0,162,460,0,122,478,0,75,131,1329,71,196,1315,45,193,1382,75,265,1334,42,369,1319,11,433,0,5,466,0,-14,470,0
124,112,1290,160,189,3455,66,194,1248,100,271,1269,119,385,0,134,470,0,139,480,0,120,500,0,39,132,1254,30,198,1257,14,193,0,42,268,1251,8,393,0,3,479,0,6,497,0,-10,509,0
87,90,1179,137,173,3537,38,180,1147,69,256,1165,70,381,0,65,431,0,69,436,0,46,491,0,8,118,1146,28,195,1136,21,173,1100,23,253,1150,23,360,1049,27,433,0,32,442,0,17,489,0
60,78,1083,104,160,1159,10,164,1022,47,246,1097,16,376,1011,31,421,0,38,421,0,6,481,0,-30,94,0,-1,191,0,11,197,1052,-10,238,0,-20,324,0,-6,395,0,0,403,0,-16,443,0
28,63,928,88,153,1020,-3,160,0,24,249,1012,-1,380,0,8,409,0,19,406,0,-20,463,0,-57,77,0,7,177,958,12,212,967,-30,239,0,-50,357,0,-21,389,0,-13,388,0,-22,429,0
0,80,0,55,152,912,-25,160,0,-6,271,0,-25,371,0,0,410,0,11,411,0,-16,463,0,-65,95,0,-3,186,0,-15,225,0,-44,271,0,-62,359,0,-23,399,0,-14,401,0,-23,432,0
56,189,2357,79,220,2411,75,251,2350,56,268,2196,66,327,0,67,391,0,64,398,0,74,405,0,-1,195,0,-11,240,0,9,247,0,21,270,0,15,328,2034,-4,382,0,-5,390,0,0,407,0
74,185,2249,95,220,2275,92,250,2236,74,270,0,74,335,0,69,392,0,65,399,0,74,418,0,11,193,0,0,238,0,13,257,0,41,274,2194,31,337,0,15,396,0,14,405,0,12,417,0
88,177,2091,111,218,1978,90,238,2091,87,267,2017,81,334,0,70,393,0,65,401,0,80,416,0,25,184,0,6,231,0,13,268,0,55,271,2027,63,337,0,53,396,0,48,403,0,63,419,0
93,173,1884,117,218,1947,87,230,1883,96,267,1883,87,337,1787,74,402,0,68,412,0,82,421,0,28,183,0,7,233,0,14,280,0,62,271,0,70,343,0,67,408,0,61,416,0,85,428,0
95,166,1734,121,213,1829,100,233,1759,95,268,1756,99,352,1843,73,408,0,65,414,0,77,431,0,23,180,3987,6,233,0,18,284,1694,58,272,0,67,352,0,66,416,0,60,424,0,80,440,0
96,148,1533,123,206,1628,133,250,0,94,259,1502,100,353,1377,90,405,0,83,411,0,94,432,0,21,157,0,3,215,0,6,269,0,50,265,1536,56,354,0,60,417,0,63,431,0,63,446,0
94,140,1318,126,204,3532,136,263,2897,86,261,1256,72,372,1127,74,438,0,82,447,0,55,467,0,9,144,1338,-4,212,0,-7,267,0,36,265,1287,47,364,0,56,427,0,62,436,0,53,457,0
89,138,1165,124,207,1153,133,278,0,73,265,1086,53,384,1042,47,445,0,46,452,0,39,470,0,-2,143,0,-6,218,0,-11,267,0,14,265,1094,2,366,0,2,438,0,6,448,0,-9,469,0
67,113,891,120,203,3590,115,289,3527,46,258,902,39,369,917,39,362,928,40,356,907,33,382,915,2,116,847,59,222,940,72,294,975,15,251,868,-1,358,0,1,401,0,4,405,0,-8,436,0
48,72,790,74,172,3748,18,233,792,27,228,0,30,362,842,28,393,818,32,388,861,11,439,0,-38,88,0,4,205,751,-9,254,0,-20,227,0,-11,354,0,4,411,0,8,417,0,0,454,0
30,167,0,9,232,0,32,256,0,59,276,2155,50,365,1984,38,423,0,41,440,0,26,423,0,109,165,2080,130,224,2130,147,280,2240,100,273,2071,108,349,2043,110,403,0,109,412,0,117,407,0
44,168,0,27,227,0,32,265,0,66,276,2121,67,350,0,70,406,0,74,414,0,60,415,0,117,169,2224,137,225,2289,147,279,0,106,274,2170,109,347,0,109,398,0,106,408,0,107,405,0
53,170,0,33,225,0,31,266,0,66,275,2124,63,341,0,62,397,1950,65,407,0,54,399,0,120,176,2390,136,231,3258,121,267,2348,106,274,2321,107,341,3402,108,393,0,106,402,0,106,393,0
51,174,3833,36,225,0,30,266,1411,66,275,2135,55,333,0,52,393,0,53,406,0,26,391,0,118,182,2548,123,235,3265,99,251,2406,103,274,2426,105,335,0,108,390,0,107,401,0,103,392,0
46,179,3833,31,225,3860,14,265,0,53,277,2177,45,335,0,45,391,0,47,402,0,21,395,0,94,187,2692,98,235,3403,85,256,0,84,276,3608,88,330,3446,103,388,0,102,397,0,99,394,0
37,177,3927,29,224,0,5,254,0,42,266,0,31,326,0,40,393,0,46,404,0,18,398,0,70,189,2530,72,235,2594,56,260,2224,60,270,2186,49,327,2058,50,384,0,54,396,0,31,395,0
35,178,0,28,225,0,-1,251,0,34,268,0,29,333,0,31,395,0,40,406,0,13,400,0,55,189,2590,57,235,2656,42,262,0,44,270,2207,34,330,0,32,387,0,39,396,0,14,395,0
30,185,2846,27,227,0,-2,246,0,19,273,0,12,335,0,9,395,0,16,404,0,-13,401,0,22,191,0,20,235,0,11,257,0,14,274,2796,17,332,0,42,388,0,52,398,0,18,401,0
21,189,0,19,228,0,-5,242,0,16,276,0,11,337,0,7,387,0,12,394,0,-2,398,0,0,197,0,8,234,0,9,259,0,3,278,0,13,332,0,40,382,0,54,395,0,17,401,0
74,153,0,29,171,0,-11,174,0,88,267,0,91,350,3401,101,421,0,105,434,0,97,426,0,137,165,1984,148,225,2013,137,264,1945,118,271,1915,118,344,2048,108,419,0,104,433,0,112,427,0
76,159,0,45,203,3805,0,221,0,85,280,3606,91,352,3351,101,410,0,104,417,0,101,413,0,137,172,2157,152,233,2258,157,275,3388,118,282,2092,124,359,2068,124,417,0,122,426,0,135,422,0
76,160,0,58,209,3744,13,235,0,85,277,3601,91,349,0,100,402,0,104,410,0,91,406,0,136,173,2249,155,232,2460,161,273,3377,118,280,2171,120,347,2092,126,398,0,129,409,0,134,403,0
75,166,3632,63,218,3716,26,252,0,84,280,3607,87,357,0,100,405,0,107,411,0,90,414,0,128,178,2308,147,232,2519,155,273,3391,112,282,2211,102,352,0,104,403,0,111,411,0,92,412,0
72,174,3738,70,224,3492,35,265,0,80,283,0,83,356,0,97,406,0,104,412,0,77,415,0,122,183,2435,138,236,2685,143,277,0,104,285,2342,92,349,0,94,399,0,96,408,0,79,409,0
73,176,3748,73,231,2260,46,267,2217,75,283,2333,67,344,0,94,399,0,103,407,0,70,411,0,107,184,2369,117,236,2438,105,276,2473,95,284,2429,79,342,0,92,393,0,97,404,0,72,406,0
72,174,3737,69,228,2265,35,258,0,68,278,2111,49,336,0,85,387,0,96,396,0,67,404,0,94,182,2367,107,232,2478,84,255,2340,87,281,2441,75,332,0,85,385,0,91,397,0,68,401,0
63,175,2318,57,232,2240,19,257,0,57,278,2170,30,335,0,29,394,0,33,398,0,11,397,0,74,181,2316,71,234,2307,41,258,2270,72,281,2395,69,333,3067,83,390,0,89,402,0,63,399,0
51,180,2262,46,236,2221,9,264,0,52,276,2186,14,337,0,3,395,0,9,404,0,-30,398,0,61,181,2271,67,234,2337,45,259,2257,63,276,2173,64,332,0,83,392,0,90,403,0,61,402,0
26,177,0,30,232,2164,0,264,0,26,273,2186,0,343,0,2,412,0,8,414,0,-24,420,0,41,180,2223,50,234,2299,28,259,2258,39,274,2197,39,329,2062,75,386,0,86,396,0,55,401,0
15,177,0,14,228,2131,-7,262,0,12,274,0,2,349,0,4,413,0,11,421,0,-14,425,0,32,178,2240,41,230,2249,19,252,0,23,274,0,29,331,0,61,384,0,74,394,0,41,401,0
7,176,0,5,222,0,-16,257,0,10,273,0,6,342,0,11,406,0,16,418,0,4,415,0,23,175,4014,34,227,2170,13,248,0,20,274,0,14,332,0,29,386,0,35,396,0,15,402,0
6,175,0,4,221,0,-16,255,0,6,274,0,1,339,0,7,406,0,12,418,0,-6,415,0,19,175,4089,30,227,2153,11,251,2117,15,274,0,11,333,0,21,390,0,25,399,0,9,402,0
1,174,0,5,221,2339,-9,254,0,9,273,0,7,340,0,10,402,0,18,411,0,4,409,0,15,174,4113,23,224,2434,12,250,0,12,272,0,12,333,0,21,392,0,25,399,0,10,403,0
12,174,0,9,221,0,-7,257,0,13,272,0,12,340,0,14,400,0,18,409,0,0,411,0,7,174,0,13,225,0,8,254,0,6,269,0,10,333,0,16,393,0,22,401,0,0,411,0
4,176,0,14,227,0,-6,263,0,12,275,0,11,344,0,16,398,0,24,408,0,4,407,0,15,174,0,21,227,0,8,263,0,15,273,0,12,333,0,23,393,0,31,402,0,8,407,0
2,177,0,13,227,0,-5,268,0,15,276,0,7,346,0,5,403,0,10,414,0,-11,412,0,20,174,0,28,227,0,13,263,0,22,275,0,16,334,0,27,393,0,34,402,0,13,405,0
9,177,0,15,229,0,-6,265,0,17,277,0,11,339,0,12,398,0,16,408,0,-4,405,0,25,174,4041,32,229,0,12,263,0,25,276,1375,18,334,0,26,393,0,29,404,0,11,404,0
18,177,4110,17,228,0,-5,264,0,24,276,0,12,337,0,10,400,0,15,411,0,-12,406,0,33,177,3922,35,228,0,17,262,0,32,275,0,22,334,0,24,394,0,28,406,0,8,404,0
26,178,0,21,229,0,-3,263,0,28,275,0,13,336,0,13,399,0,17,410,0,-10,405,0,38,179,3875,37,228,3830,20,262,0,36,275,0,23,334,0,23,395,0,27,407,0,7,403,0
30,178,4012,28,231,0,1,265,0,31,274,0,15,335,0,14,397,0,18,409,0,-3,404,0,43,179,3869,38,228,3830,21,263,0,41,274,2189,23,334,0,22,395,0,26,407,0,8,403,0
31,178,3902,30,230,0,7,263,0,31,274,0,15,339,0,10,401,0,16,410,0,-2,405,0,43,179,3862,42,228,3764,30,263,0,41,274,2185,24,334,0,23,396,0,28,408,0,7,412,0
33,178,3940,32,230,0,13,263,0,31,275,0,15,342,1727,12,401,0,16,409,0,5,412,0,43,179,3853,43,230,3802,32,264,0,40,275,2185,24,334,0,24,395,0,30,406,0,9,411,0
32,178,3906,35,229,0,19,263,0,33,274,0,20,335,0,27,397,0,36,407,0,9,413,0,42,179,3880,44,230,3784,34,264,0,40,274,2187,25,333,0,31,393,0,40,405,0,11,410,0
34,178,0,38,229,3810,21,263,0,37,274,2206,27,333,0,35,397,0,44,406,0,12,411,0,42,179,3862,46,230,3772,39,264,0,45,274,2202,37,332,0,47,393,0,57,403,0,22,407,0
42,178,3882,42,229,3811,23,263,0,42,274,2202,25,332,0,32,396,0,41,405,0,12,411,0,43,179,3859,48,226,3765,40,260,0,51,272,2204,51,330,2004,72,391,0,77,402,0,50,402,0
67,178,3748,68,230,2452,39,264,0,66,276,2123,76,335,2462,96,398,0,105,405,0,77,414,0,42,185,3860,42,228,3820,34,261,0,50,275,2195,39,331,2040,45,391,0,51,403,0,15,402,0
96,179,2298,101,232,2248,77,268,3124,87,277,2257,91,339,2376,101,397,0,107,405,0,90,414,0,48,188,3822,43,234,3792,28,270,0,57,277,2167,40,337,0,43,392,0,50,403,0,16,406,0
115,178,2199,119,232,2085,94,268,2110,102,276,2136,102,340,2158,105,398,0,105,405,0,94,415,0,57,181,3779,45,229,3784,33,269,0,66,277,2111,50,339,0,54,392,0,61,402,0,36,415,0
122,177,2135,126,230,1992,91,268,1996,106,276,2078,106,341,0,104,398,0,102,406,0,102,418,0,61,176,3771,47,227,3778,33,268,0,71,276,0,59,345,0,67,398,0,73,404,0,56,420,0
124,177,1959,118,230,1965,78,269,1899,104,276,1906,107,344,3395,105,403,0,102,408,0,103,428,0,61,173,3783,47,225,3765,33,268,0,69,276,2075,61,347,0,64,410,0,67,416,0,56,432,0
118,176,1756,115,231,1759,76,268,1733,104,276,1721,107,347,0,107,407,0,104,412,0,112,435,0,59,173,1804,45,225,0,44,269,2197,66,277,1708,55,352,0,60,423,0,56,434,0,52,447,0
106,173,1566,111,235,1614,80,283,1533,95,282,1524,102,362,1559,107,418,0,104,435,0,107,454,0,36,174,1595,34,237,1689,43,283,1570,59,284,1543,49,370,1909,58,440,0,54,451,0,48,468,0
95,150,1388,108,223,0,119,281,3517,79,271,1371,81,365,0,88,407,0,71,404,0,93,447,0,6,158,1400,8,229,1458,10,279,0,33,273,1351,28,364,0,36,436,0,37,445,0,41,467,0
50,129,1171,103,204,1238,118,276,1235,32,261,1169,13,369,1059,28,436,0,30,446,0,13,461,0,-12,138,0,2,226,1174,-10,278,0,2,260,1159,10,360,1052,14,437,0,19,450,0,-3,462,0
24,143,932,70,229,3450,95,295,3560,14,256,880,12,348,1017,6,404,0,5,404,0,12,434,0,-11,152,0,30,236,913,74,301,0,-5,254,0,-2,343,0,-2,406,0,4,402,0,4,435,0
22,157,0,9,221,0,0,272,0,44,275,2180,52,345,0,66,410,0,69,434,0,62,429,0,113,156,1838,133,222,1881,103,236,1788,88,276,1855,75,373,0,48,450,0,40,464,0,56,465,0
26,158,0,13,222,0,11,272,0,50,275,2193,64,358,0,66,422,0,68,432,0,62,456,0,113,155,1945,133,220,1983,104,236,1899,92,274,1948,100,363,1914,84,419,0,70,449,0,88,462,0
31,163,0,17,223,0,20,270,0,55,275,2181,69,359,0,67,420,0,71,426,0,64,430,0,113,157,2031,133,220,2070,105,236,1978,98,270,2005,110,350,1986,109,407,0,104,418,0,115,433,0
34,169,0,19,224,0,23,268,0,58,272,2190,70,358,0,70,419,0,76,424,0,64,425,0,113,163,2148,132,220,2188,105,237,2086,101,267,2094,107,352,2004,109,411,0,106,419,0,109,434,0
38,173,3908,22,226,0,23,268,0,60,272,2180,68,358,0,71,416,0,77,420,0,62,426,0,115,170,2247,132,223,2309,108,237,2201,102,268,2195,103,347,2055,101,404,0,99,413,0,105,412,0
44,176,3880,29,228,0,25,268,0,60,271,2181,67,353,0,71,414,0,76,418,0,59,425,0,117,178,2311,132,228,2389,108,242,2257,101,268,2277,100,345,2134,95,401,0,92,411,0,100,409,0
52,175,3815,35,227,3830,23,267,0,62,272,2173,58,338,0,66,399,0,70,406,0,52,422,0,117,183,2431,131,231,2573,107,245,2367,100,268,2429,99,338,0,91,390,0,87,400,0,90,401,0
56,175,3800,39,225,3797,21,266,0,62,269,2179,49,331,1999,57,395,0,61,403,0,47,410,0,117,185,2567,125,231,3250,103,242,2460,99,268,2509,94,338,0,89,393,0,85,402,0,85,407,0
50,179,3822,36,226,3765,20,265,0,58,269,2202,45,330,2051,42,391,0,44,400,0,36,397,0,105,187,2614,114,231,3369,91,242,2508,88,270,2598,87,335,0,87,396,0,82,405,0,75,401,0
41,181,3869,30,226,0,10,265,0,48,269,2206,38,331,2034,40,389,0,42,399,0,32,397,0,93,189,2614,104,231,0,89,247,2571,77,270,2588,79,330,2580,86,392,0,82,402,0,77,399,0
30,180,3949,14,226,0,0,259,0,40,268,2211,35,329,0,37,386,0,41,395,0,28,399,0,85,189,2661,93,234,2718,87,266,2741,69,269,2128,62,324,1969,76,380,0,77,387,0,70,396,0
18,182,4090,5,229,0,0,251,0,33,263,0,21,316,2117,15,372,0,19,382,0,-3,380,0,76,190,2703,81,233,2722,63,259,2596,62,264,2196,47,323,2111,44,383,0,43,393,0,39,391,0
10,187,0,0,233,0,0,254,0,24,264,0,17,321,2098,9,372,0,12,384,0,4,395,0,67,193,2725,75,233,2784,61,257,2694,54,265,2212,34,327,1751,28,387,0,25,396,0,28,396,0
6,189,0,-1,233,0,1,256,0,18,264,0,8,321,2009,1,378,0,5,387,0,-8,393,0,63,196,2801,73,234,2844,57,245,2771,49,265,2223,30,321,1737,23,382,0,20,391,0,24,394,0
4,188,0,-2,233,0,2,249,0,10,265,0,-3,324,0,0,378,0,5,391,0,-8,408,0,60,196,2835,65,234,2859,46,239,2767,41,266,0,28,315,0,15,372,0,15,379,0,13,395,0
1,187,0,-5,232,0,-2,251,0,6,265,0,4,336,0,3,394,0,3,410,0,-7,410,0,55,196,2917,59,236,2908,39,240,2805,32,267,0,15,320,2067,12,374,1788,14,390,0,8,395,0
-5,187,0,-12,233,0,-10,252,0,0,269,0,0,342,0,-2,399,0,0,411,0,-14,411,0,48,197,2925,54,238,2985,33,243,2837,26,270,0,12,329,0,0,384,0,8,392,0,-2,398,0
-14,189,0,-15,234,0,-11,253,0,-4,275,0,0,340,0,-1,401,0,1,412,0,-12,410,0,35,197,2938,45,238,3068,28,242,2875,20,274,0,11,329,0,12,386,0,14,392,0,4,395,0
-5,193,0,18,235,2914,3,254,0,0,275,0,6,339,0,5,385,0,5,392,0,0,401,0,-29,196,0,-3,245,0,2,253,0,-19,276,0,-5,335,0,0,386,0,2,394,0,-3,402,0
61,192,2490,74,230,2569,47,236,2622,51,267,2223,47,330,2036,43,385,0,40,392,0,46,402,0,7,190,0,-1,232,0,0,224,0,18,266,0,6,311,0,-3,361,0,-1,368,0,-8,378,0
73,191,2533,84,229,2554,63,234,2510,57,268,2211,51,331,1937,43,385,0,40,392,0,46,405,0,13,189,0,0,231,0,12,219,4150,23,267,0,7,321,0,0,377,0,0,384,0,-2,398,0
77,189,2500,89,229,2541,72,231,2465,60,269,2186,54,332,0,43,385,0,40,392,0,45,410,0,17,187,0,0,228,0,17,215,0,26,267,0,10,322,2057,1,380,0,4,383,0,-2,402,0
77,187,2457,89,228,2481,76,229,2412,62,269,2189,56,333,2384,43,390,0,40,396,0,45,415,0,16,186,0,-1,227,0,19,212,0,28,267,0,17,328,2020,8,388,0,9,395,0,7,410,0
76,185,2360,89,226,2425,79,225,2377,65,269,2190,67,332,2449,49,390,0,45,394,0,48,416,0,15,185,0,-3,227,0,20,211,4032,28,267,0,18,328,0,9,385,0,10,393,0,5,409,0
75,184,2375,89,225,2383,82,224,2347,67,268,2176,77,327,0,59,390,1960,55,394,0,59,419,0,15,184,0,-3,226,0,21,210,0,29,267,0,17,327,2056,9,385,0,10,393,0,5,408,0
77,183,2355,94,224,2342,87,223,2317,70,268,2157,81,329,0,86,394,0,81,401,0,94,416,0,14,182,4085,-3,225,0,25,209,0,32,268,0,25,330,0,13,392,0,13,401,0,12,413,0
89,183,2337,107,224,2323,97,224,2298,82,269,2315,87,338,0,91,403,0,86,411,0,101,424,0,24,182,4044,3,226,0,35,210,0,42,270,2200,33,343,0,21,409,0,22,417,0,25,433,0
103,183,2317,117,225,2309,109,225,2272,94,271,2304,96,342,0,93,407,0,88,414,0,99,430,0,39,182,3895,18,226,0,47,211,3811,53,272,2199,37,346,0,24,413,0,25,420,0,22,441,0
118,183,2298,131,225,2318,122,224,2284,104,271,2290,102,340,2353,96,404,0,92,411,0,103,425,0,53,181,3781,35,226,3852,61,210,3736,63,271,2161,48,340,0,42,401,0,48,409,0,27,429,0
127,181,2310,141,225,2330,129,223,2272,111,272,2266,103,341,2248,96,401,0,92,408,0,99,423,0,63,179,3770,43,226,3793,69,208,3710,72,271,0,65,339,0,66,397,0,68,405,0,62,423,0
131,181,2285,143,225,2309,133,222,2260,114,272,2254,105,342,2177,98,401,0,95,408,0,98,422,0,67,178,3754,45,224,3811,73,205,2227,76,271,0,72,338,0,74,400,0,75,406,0,70,420,0
132,181,2243,145,225,2287,134,222,2217,115,271,2223,105,342,2106,95,402,0,92,408,0,94,423,0,69,177,3750,46,222,3772,76,205,2155,77,271,3149,73,338,0,71,403,0,72,408,0,69,420,0
131,180,2194,144,225,2229,135,222,2168,115,272,2173,104,345,2074,93,405,0,90,411,0,94,427,0,66,177,3752,45,222,3772,74,206,2089,76,271,3145,71,343,0,67,408,0,68,415,0,62,424,0
129,179,2106,144,224,2189,133,223,2092,115,272,2107,104,348,2050,94,407,0,91,415,0,96,431,0,62,176,2092,40,222,3779,70,206,1981,74,271,0,70,346,0,66,411,0,66,420,0,60,429,0
124,176,2050,141,221,2140,129,222,2040,111,272,2059,104,354,2048,98,412,0,94,416,0,98,435,0,60,175,2002,31,222,0,64,207,1917,69,271,2091,66,351,0,64,416,0,64,430,0,60,435,0
121,173,1995,137,218,2058,125,220,1977,108,272,2000,109,350,0,104,409,0,98,415,0,113,432,0,47,172,0,17,221,0,58,207,1869,68,272,2043,62,353,0,64,414,0,66,423,0,57,433,0
118,168,1949,135,214,1927,123,220,1926,107,271,1955,108,352,2013,105,414,0,101,417,0,112,436,0,37,168,2006,4,214,0,44,207,1849,61,272,2144,62,357,0,63,420,0,64,436,0,63,442,0
115,164,1906,135,212,1860,118,221,1853,107,271,1862,105,361,1809,101,419,0,97,422,0,107,449,0,32,166,0,0,210,0,33,209,0,57,273,2175,62,365,0,60,433,0,61,445,0,62,453,0
115,163,1824,138,212,1819,112,221,1760,103,272,1773,91,368,1860,82,422,0,80,424,0,80,453,0,31,164,0,-2,208,0,27,210,0,54,273,2170,58,368,0,59,425,0,61,442,0,59,453,0
115,162,1794,140,212,1802,108,221,1729,100,274,1743,86,369,0,74,424,0,73,427,0,73,461,0,32,158,0,-1,200,0,25,210,0,51,273,1713,46,366,0,57,429,0,59,451,0,57,465,0
116,160,1777,140,212,1820,109,221,1704,97,274,1718,88,368,0,72,429,0,68,447,0,70,466,0,30,155,1643,-1,198,0,24,209,0,46,273,1644,25,362,0,41,431,0,42,454,0,33,468,0
113,158,1772,138,210,1863,107,222,1696,90,275,1713,86,374,0,66,445,0,60,452,0,61,475,0,21,148,1563,-13,195,0,20,210,0,36,272,1596,19,373,0,8,449,0,9,464,0,0,473,0
100,157,1723,119,211,1798,99,222,1654,81,275,1696,86,376,0,69,437,0,64,450,0,70,471,0,14,143,0,-18,194,0,22,209,0,26,272,0,11,371,1770,5,452,0,6,465,0,2,477,0
86,154,1658,94,210,1640,97,218,1657,72,274,1633,80,374,0,62,433,0,55,448,0,66,471,0,7,138,745,-13,198,0,25,205,1464,19,270,0,5,368,0,4,442,0,3,463,0,0,478,0
74,151,778,75,209,746,94,218,1658,64,274,704,73,379,694,50,449,0,41,457,0,55,481,0,2,135,705,-13,198,0,38,200,708,15,270,740,2,369,769,-7,457,0,-8,471,0,-4,486,0
61,145,825,74,206,854,95,216,839,62,274,838,68,379,873,58,441,0,50,450,0,56,480,0,6,135,781,19,199,785,62,197,826,20,271,803,9,364,1777,1,449,0,0,463,0,6,477,0
34,128,868,61,167,862,80,195,876,25,229,876,55,314,877,59,379,904,54,398,894,58,409,602,33,118,852,56,155,868,63,171,861,24,229,879,38,305,886,52,374,918,52,393,903,59,402,0
-3,108,0,8,183,0,50,227,1210,6,243,0,18,338,0,6,397,0,8,413,0,-6,431,0,87,109,0,124,203,1043,146,312,1082,53,240,1216,41,314,2139,8,389,0,-1,420,0,5,423,0
31,122,0,11,238,0,27,320,0,34,266,0,43,320,2115,27,374,0,26,372,0,21,388,0,130,142,1182,151,226,1175,175,307,1232,102,273,1409,104,339,1851,51,405,0,38,414,0,47,428,0
46,139,3379,61,243,3384,40,314,2129,89,278,1663,108,385,0,116,472,0,119,486,0,108,485,0,146,144,1427,147,230,1352,178,298,1348,117,281,1861,116,371,0,99,465,0,95,482,0,97,482,0
94,148,1709,139,162,1921,170,159,1565,94,286,1674,98,388,0,92,466,0,90,482,0,100,475,0,108,144,1749,104,189,1644,124,187,1690,90,285,1670,105,376,1822,92,466,0,82,483,0,122,479,0
110,153,1737,139,173,1840,172,167,3445,95,277,1683,96,376,1831,84,453,0,87,466,0,98,474,0,94,144,0,94,191,1751,117,194,1688,83,276,1725,71,367,1630,65,457,0,48,472,0,85,477,0
118,158,1744,130,216,1815,141,196,1759,101,270,1701,92,374,1655,71,448,0,64,460,0,88,469,0,86,145,3308,92,193,1832,125,203,1808,77,265,0,61,366,0,44,456,0,32,471,0,69,478,0
121,164,1720,123,218,1795,143,199,1764,104,270,1726,97,372,1761,74,450,0,65,461,0,88,473,0,91,146,3279,83,194,3685,135,209,1823,78,264,3077,70,366,0,44,459,0,33,473,0,66,482,0
120,167,1711,124,216,1781,150,199,1732,106,267,1779,94,364,0,74,449,0,65,461,0,92,470,0,95,149,3289,85,194,3682,140,211,1808,88,261,3099,88,361,0,61,457,0,50,471,0,83,479,0
124,166,1743,124,215,1771,154,210,1805,110,266,0,97,360,0,76,448,0,68,460,0,95,469,0,102,152,3288,91,195,3672,146,211,1788,98,261,0,110,361,1849,80,455,0,70,470,0,98,478,0
126,166,0,127,215,1837,162,214,1764,112,267,2974,99,363,0,73,456,0,64,470,0,92,474,0,111,155,0,103,197,3633,157,210,1693,106,263,2980,127,370,542,92,457,0,78,471,0,114,480,0
132,165,3559,129,216,3492,165,218,1726,124,273,3473,103,371,0,75,469,0,64,484,0,94,482,0,128,155,0,126,202,3570,175,212,1716,124,271,3460,137,383,0,100,472,0,85,489,0,124,488,0
147,164,3520,139,216,3513,178,221,1713,142,272,2906,130,371,542,98,464,0,88,478,0,118,478,0,144,155,0,140,204,3520,193,212,1708,142,271,0,151,378,515,116,470,0,100,488,0,141,486,0
163,164,3460,158,216,3252,191,222,1710,159,277,2926,153,371,545,133,460,0,124,473,0,157,477,0,156,154,0,155,205,3467,205,212,1715,154,275,0,157,378,516,129,465,0,115,482,0,160,484,0
179,163,3413,174,221,3401,194,262,1710,177,278,0,184,371,545,167,460,0,159,475,0,193,475,0,178,154,0,186,210,1830,227,213,1669,173,276,3299,174,378,518,153,464,0,139,481,0,190,483,0
196,163,3363,191,221,3356,219,249,1729,196,279,1724,205,374,533,189,462,0,182,477,0,213,475,0,188,153,0,199,212,3334,239,213,1676,183,277,0,177,379,517,157,465,0,145,482,0,188,482,0
212,163,3318,205,222,3257,243,243,1781,213,285,0,224,380,516,212,461,0,203,476,0,235,476,0,205,156,3307,210,216,3289,256,215,1762,198,283,3277,179,382,507,158,467,0,146,482,0,184,484,0
228,167,0,222,226,3090,261,243,1820,233,284,3172,246,378,525,237,459,0,229,472,0,259,473,0,219,158,3261,221,218,3257,272,216,1856,213,282,0,193,380,516,166,450,0,158,481,0,191,484,0
247,168,0,243,226,3195,285,234,1885,248,283,3143,258,377,532,236,459,0,225,472,0,259,475,0,244,157,2781,236,217,3217,286,215,1884,240,281,3157,230,378,524,198,457,0,185,480,0,224,483,0
260,169,1944,256,226,1940,293,236,1865,259,275,3127,264,366,573,239,455,0,230,468,0,259,470,0,261,159,1949,255,216,1981,302,214,1910,257,274,3131,270,365,579,239,457,0,224,477,0,270,479,0
272,170,0,270,226,3119,307,234,1883,273,275,3081,268,366,577,257,456,0,249,472,0,281,463,0,279,159,1959,272,215,2002,319,213,1849,280,274,1999,296,365,512,278,458,0,263,478,0,311,469,0
286,170,2640,291,224,0,326,222,1875,284,274,3047,276,360,1977,269,434,0,261,462,0,286,445,0,292,160,2616,291,214,0,333,213,1765,297,274,2052,308,356,0,314,423,0,300,457,0,337,437,0
315,172,2524,320,224,0,360,217,1729,309,274,2552,295,349,0,275,421,0,267,429,0,288,441,0,321,163,2050,330,222,1926,369,213,1738,317,274,2960,301,349,2033,285,423,0,268,452,0,305,446,0
338,171,1988,339,225,0,383,238,1829,337,279,1508,321,354,2712,288,426,0,282,444,0,299,446,0,346,165,1879,351,224,1887,396,214,1727,352,280,0,372,354,1837,352,433,0,338,457,0,381,450,0
366,171,1848,378,229,1831,411,234,1837,373,281,1852,416,341,2719,416,420,0,413,433,0,425,435,0,368,165,1827,383,225,1826,424,214,1769,372,285,1289,421,338,2706,406,425,0,397,442,0,428,440,0
378,169,1876,391,229,1846,427,229,1821,386,281,1863,406,348,1843,395,423,0,389,437,0,414,431,0,393,165,1743,408,223,1808,444,211,1734,396,285,0,412,345,1926,394,432,0,382,449,0,418,448,0
406,168,1784,411,228,1846,451,236,1817,402,281,1551,418,351,1831,389,424,0,381,443,0,413,435,0,415,164,1744,426,223,1748,471,211,1738,414,283,0,445,349,1686,434,435,0,424,453,0,459,450,0
431,169,1785,434,229,1877,477,237,1814,441,287,1857,455,356,1675,438,429,0,431,446,0,451,442,0,437,164,1772,444,226,1839,495,217,1772,443,289,0,449,359,1653,419,436,0,407,454,0,444,452,0
459,171,1754,464,234,1829,498,246,0,466,289,0,503,355,1611,496,424,0,491,437,0,510,437,0,454,166,1770,463,229,1831,506,227,1840,458,292,1509,495,354,1643,474,430,0,462,444,0,505,444,0
484,171,1736,485,234,1804,512,244,0,492,289,1186,551,276,0,514,312,0,506,320,1103,517,311,0,472,165,1764,473,229,1846,508,227,1762,487,289,0,556,271,0,536,315,0,525,322,0,558,317,0
496,157,1740,488,220,1955,505,226,1775,507,259,1765,542,233,0,523,284,0,519,292,0,523,288,0,506,153,929,504,214,1678,520,224,0,512,259,0,549,216,0,542,297,0,535,308,0,556,312,0
